Timestamp,Rank,Coin,Symbol,Price,24h Change,Market Cap
2026-10-03 09:30:06,1,Bitcoin,BTC,"$84,656.77",1.00%,$1.7T
2026-10-03 09:30:06,2,Ethereum,ETH,"$2,680.91",1.33%,$327.35B
2026-10-03 09:30:06,3,Tether,USDT,$0.9998,0.02%,$184.05B
2026-10-03 09:30:06,4,BNB,BNB,$768.32,0.89%,$102.3B
2026-10-03 09:30:06,5,XRP,XRP,$1.48,1.08%,$93.9B
2026-10-03 09:30:06,6,USDC,USDC,$1.00,0.00%,$74.14B
2026-10-03 09:30:06,7,Solana,SOL,$119.30,1.00%,$70.17B
2026-10-03 09:30:06,8,TRON,TRX,$0.3342,0.05%,$31.75B
2026-10-03 09:30:06,9,Zcash,ZEC,"$1,323.33",0.52%,$22.36B
2026-10-03 09:30:06,10,Hyperliquid,HYPE,$88.36,0.33%,$22.17B
2026-10-03 09:30:51,1,Bitcoin,BTC,"$84,679.49",0.97%,$1.7T
2026-10-03 09:30:51,2,Ethereum,ETH,"$2,681.53",1.37%,$327.35B
2026-10-03 09:30:51,3,Tether,USDT,$0.9998,0.02%,$184.05B
2026-10-03 09:30:51,4,BNB,BNB,$768.32,0.89%,$102.3B
2026-10-03 09:30:51,5,XRP,XRP,$1.48,1.08%,$93.9B
2026-10-03 09:30:51,6,USDC,USDC,$1.00,0.00%,$74.14B
2026-10-03 09:30:51,7,Solana,SOL,$119.30,1.00%,$70.17B
2026-10-03 09:30:51,8,TRON,TRX,$0.3342,0.05%,$31.75B
2026-10-03 09:30:51,9,Zcash,ZEC,"$1,323.33",0.52%,$22.36B
2026-10-03 09:30:51,10,Hyperliquid,HYPE,$88.36,0.33%,$22.17B
2026-10-03 09:31:45,1,Bitcoin,BTC,"$84,691.19",0.98%,$1.7T
2026-10-03 09:31:45,2,Ethereum,ETH,"$2,681.58",1.35%,$327.42B
2026-10-03 09:31:45,3,Tether,USDT,$0.9998,0.02%,$184.05B
2026-10-03 09:31:45,4,BNB,BNB,$768.31,0.94%,$102.3B
2026-10-03 09:31:45,5,XRP,XRP,$1.48,1.25%,$93.98B
2026-10-03 09:31:45,6,USDC,USDC,$0.9999,0.01%,$74.13B
2026-10-03 09:31:45,7,Solana,SOL,$119.36,1.51%,$70.2B
2026-10-03 09:31:45,8,TRON,TRX,$0.3342,0.05%,$31.75B
2026-10-03 09:31:45,9,Zcash,ZEC,"$1,323.33",0.52%,$22.36B
2026-10-03 09:31:45,10,Hyperliquid,HYPE,$88.36,0.33%,$22.17B
2026-10-03 10:00:12,1,Bitcoin,BTC,"$84,574.11",2.05%,$1.69T
2026-10-03 10:00:12,2,Ethereum,ETH,"$2,675.24",2.12%,$326.77B
2026-10-03 10:00:12,3,Tether,USDT,$0.9998,0.01%,$184.05B
2026-10-03 10:00:12,4,BNB,BNB,$768.18,0.87%,$102.29B
2026-10-03 10:00:12,5,XRP,XRP,$1.48,1.21%,$93.83B
2026-10-03 10:00:12,6,USDC,USDC,$0.9999,0.00%,$74.13B
2026-10-03 10:00:12,7,Solana,SOL,$119.23,1.30%,$70.12B
2026-10-03 10:00:12,8,TRON,TRX,$0.3342,0.05%,$31.74B
2026-10-03 10:00:12,9,Zcash,ZEC,"$1,319.79",0.87%,$22.3B
2026-10-03 10:00:12,10,Hyperliquid,HYPE,$88.11,0.63%,$22.11B
2026-10-03 10:13:20,1,Bitcoin,BTC,"$84,523.01",2.17%,$1.69T
2026-10-03 10:13:20,2,Ethereum,ETH,"$2,672.98",2.35%,$326.65B
2026-10-03 10:13:20,3,Tether,USDT,$0.9998,0.02%,$184.05B
2026-10-03 10:13:20,4,BNB,BNB,$766.42,1.86%,$102.05B
2026-10-03 10:13:20,5,XRP,XRP,$1.48,2.70%,$93.74B
2026-10-03 10:13:20,6,USDC,USDC,$0.9999,0.00%,$74.11B
2026-10-03 10:13:20,7,Solana,SOL,$119.03,2.62%,$70.01B
2026-10-03 10:13:20,8,TRON,TRX,$0.3342,0.29%,$31.74B
2026-10-03 10:13:20,9,Zcash,ZEC,"$1,315.10",4.61%,$22.22B
2026-10-03 10:13:20,10,Hyperliquid,HYPE,$88.01,1.56%,$22.08B
2026-10-03 10:21:26,1,Bitcoin,BTC,"$84,572.86",2.45%,$1.69T
2026-10-03 10:21:26,2,Ethereum,ETH,"$2,675.28",2.53%,$326.65B
2026-10-03 10:21:26,3,Tether,USDT,$0.9998,0.01%,$184.05B
2026-10-03 10:21:26,4,BNB,BNB,$766.58,1.99%,$102.07B
2026-10-03 10:21:26,5,XRP,XRP,$1.48,2.70%,$93.7B
2026-10-03 10:21:26,6,USDC,USDC,$0.9999,0.01%,$74.11B
2026-10-03 10:21:26,7,Solana,SOL,$119.20,2.93%,$70.1B
2026-10-03 10:21:26,8,TRON,TRX,$0.3343,0.26%,$31.75B
2026-10-03 10:21:26,9,Zcash,ZEC,"$1,317.41",4.90%,$22.26B
2026-10-03 10:21:26,10,Hyperliquid,HYPE,$88.18,1.40%,$22.13B
2026-10-04 06:59:01,1,Bitcoin,BTC,"$84,734.53",0.16%,$1.7T
2026-10-04 06:59:01,2,Ethereum,ETH,"$2,690.30",0.46%,$328.49B
2026-10-04 06:59:01,3,Tether,USDT,$0.9998,0.00%,$184.05B
2026-10-04 06:59:01,4,BNB,BNB,$783.54,1.89%,$104.33B
2026-10-04 06:59:01,5,XRP,XRP,$1.48,0.19%,$93.87B
2026-10-04 06:59:01,6,USDC,USDC,$0.9999,0.01%,$74.09B
2026-10-04 06:59:01,7,Solana,SOL,$120.10,0.62%,$70.63B
2026-10-04 06:59:01,8,TRON,TRX,$0.3356,0.26%,$31.88B
2026-10-04 06:59:01,9,Hyperliquid,HYPE,$89.40,0.03%,$22.43B
2026-10-04 06:59:01,10,Zcash,ZEC,"$1,312.08",0.84%,$22.17B
2026-10-04 07:19:30,1,Bitcoin,BTC,"$84,770.72",0.16%,$1.7T
2026-10-04 07:19:30,2,Ethereum,ETH,"$2,691.81",0.42%,$328.63B
2026-10-04 07:19:30,3,Tether,USDT,$0.9998,0.00%,$184.05B
2026-10-04 07:19:30,4,BNB,BNB,$783.23,1.81%,$104.29B
2026-10-04 07:19:30,5,XRP,XRP,$1.48,0.21%,$93.93B
2026-10-04 07:19:30,6,USDC,USDC,$0.9999,0.01%,$74.09B
2026-10-04 07:19:30,7,Solana,SOL,$120.04,0.58%,$70.6B
2026-10-04 07:19:30,8,TRON,TRX,$0.3357,0.26%,$31.88B
2026-10-04 07:19:30,9,Hyperliquid,HYPE,$89.48,0.13%,$22.45B
2026-10-04 07:19:30,10,Zcash,ZEC,"$1,308.07",0.93%,$22.1B
